Bangalore,Indiranagar,100 Feet Road
Bangalore,Indiranagar,CMH Road
Bangalore,Whitefield,Marathahalli Bridge
Bangalore,Koramangala,Sony World Junction
Bangalore,Koramangala,Sarjapur Road
Bangalore,M.G. Road,Trinity Circle
Bangalore,M.G. Road,Anil Kumble Circle
Bangalore,Jayanagar,Jayanagar 4th Block
Bangalore,Jayanagar,South End Circle
Bangalore,Hebbal,Hebbal Flyover
Bangalore,Hebbal,Ballari Road
Bangalore,Yeshwanthpur,Yeshwanthpur Circle
Bangalore,Indiranagar,100 Feet Road
Bangalore,Indiranagar,CMH Road
Bangalore,Koramangala,Sarjapur Road
Bangalore,M.G. Road,Trinity Circle
Bangalore,M.G. Road,Anil Kumble Circle
Bangalore,Jayanagar,Jayanagar 4th Block
Bangalore,Jayanagar,South End Circle
Bangalore,Hebbal,Hebbal Flyover
Bangalore,Hebbal,Ballari Road
Bangalore,Yeshwanthpur,Yeshwanthpur Circle
Bangalore,Yeshwanthpur,Tumkur Road
Mumbai,Andheri,Sion Circle
Mumbai,Mira Road,Linking Road
Mumbai,Marine Lines,Mulund Check Naka
Mumbai,Marine Lines,Marine Drive
Mumbai,Kurla,CST Junction
Mumbai,Ghatkopar,SV Road
Mumbai,Dadar,Western Express Highway
Mumbai,Goregaon,Dadar TT Circle
Mumbai,Chembur,JVLR
Mumbai,Chembur,Goregaon Flyover
Mumbai,Borivali,Peddar Road
Mumbai,Bandra,LBS Road
Mumbai,Bandra,Bandra-Worli Sea Link
Mumbai,Bandra,Andheri Metro Junction
Mumbai,Dadar,Eastern Express Highway
Mumbai,Dadar,Western Express Highway
Mumbai,Mira Road,Linking Road
Mumbai,Marine Lines,Mulund Check Naka
Mumbai,Marine Lines,Marine Drive
Mumbai,Kurla,CST Junction
Mumbai,Ghatkopar,SV Road
Mumbai,Dadar,Eastern Express Highway
Mumbai,Goregaon,Dadar TT Circle
Mumbai,Chembur,Goregaon Flyover
Mumbai,Borivali,Peddar Road
Mumbai,Bandra,LBS Road
Mumbai,Bandra,Bandra-Worli Sea Link
Mumbai,Bandra,Andheri Metro Junction
Delhi,Chanakyapuri,Dr. APJ Abdul Kalam Road
Delhi,ITO,Bahadur Shah Zafar Marg
Delhi,Connaught Place,Kasturba Gandhi Marg
Delhi,Dhaula Kuan,Sardar Patel Marg
Delhi,Mandi House,Tilak Marg
Delhi,Lutyens' Delhi,Akbar Road
Delhi,Connaught Place,Indira Chowk
Delhi,Lodhi Colony,Lodi Road
Delhi,Vasant Kunj,Nelson Mandela Road
Delhi,Connaught Place,Rajiv Chowk
Delhi,Ashram,Ring Road
Delhi,Rohini,Outer Ring Road
Delhi,Sundar Nagar,Mathura Road
Delhi,Mahipalpur,NH-8 (Delhi-Jaipur Expressway)
Delhi,Akshardham,NH-24 (Delhi-Meerut Expressway)
Kolkata,Anandapur,EM Bypass
Kolkata,Baguiati,VIP Road
Kolkata,Park Circus,AJC Bose Road
Kolkata,Esplanade,Chowringhee Road
Kolkata,Barabazar,Rabindra Sarani
Kolkata,Dum Dum,Jessore Road
Kolkata,Behala,Diamond Harbour Road
Kolkata,Baranagar,BT Road
Kolkata,Howrah,Howrah Bridge Approach Road
Kolkata,Shyambazar,Bidhan Sarani
Kolkata,Theatre Road,Shakespeare Sarani
Kolkata,Park Street Area,Park Street
Kolkata,Bhowanipore,Sarat Bose Road
Kolkata,Gariahat,Gariahat Road
Kolkata,Central Avenue,Chittaranjan Avenue
Kolkata,Esplanade,Jawaharlal Nehru Road
Kolkata,Rashbehari,Rashbehari Avenue
Kolkata,Ballygunge,Syed Amir Ali Avenue
Kolkata,Beleghata,Beleghata Main Road
Kolkata,Behala,James Long Sarani
Chennai,Nandanam,Anna Salai
Chennai,Koyambedu,Poonamallee High Road
Chennai,Koyambedu,Jawaharlal Nehru Road
Chennai,Meenambakkam,GST Road
Chennai,Thiruvanmiyur,OMR
Chennai,Thiruvanmiyur,ECR
Chennai,Vadapalani,Arcot Road
Chennai,Gopalapuram,Cathedral Road
Chennai,Kodambakkam,Kodambakkam High Road
Chennai,T. Nagar,Usman Road
Chennai,Velachery,Velachery Main Road
Chennai,Kolathur,Kolathur Red Hills Road
Chennai,West Tambaram,Tambaram Mudichur Road
Chennai,Madhavaram,Madhavaram High Road
Chennai,Nungambakkam,Nungambakkam High Road
Chennai,T. Nagar,G.N. Chetty Road
Chennai,Park Town,Periyar EVR High Road
Chennai,Adyar,Sardar Patel Road
Chennai,Vandalur,Vandalur-Kelambakkam Road
Chennai,Medavakkam,Medavakkam Main Road
Hyderabad,Outer Hyderabad,Nehru Outer Ring Road (ORR)
Hyderabad,Central Hyderabad,Inner Ring Road (IRR)
Hyderabad,Rajendranagar,PVNR Expressway
Hyderabad,Secunderabad,Mahatma Gandhi Road (MG Road)
Hyderabad,Hussain Sagar,Necklace Road
Hyderabad,Shamshabad,NH-44
Hyderabad,Panjagutta,NH-65
Hyderabad,Uppal,NH-163
Hyderabad,Mehdipatnam,NH-765
Hyderabad,Somajiguda,Raj Bhavan Road
Hyderabad,Outer Hyderabad,Nehru Outer Ring Road (ORR)
Hyderabad,Central Hyderabad,Inner Ring Road (IRR)
Hyderabad,Rajendranagar,PVNR Expressway
Hyderabad,Secunderabad,Mahatma Gandhi Road (MG Road)
Hyderabad,Hussain Sagar,Necklace Road
Hyderabad,Shamshabad,NH-44
Hyderabad,Panjagutta,NH-65
Hyderabad,Uppal,NH-163
Hyderabad,Mehdipatnam,NH-765
Hyderabad,Somajiguda,Raj Bhavan Road
Pune,Wakad,Pune-Mumbai Expressway
Pune,Shivajinagar,Jangli Maharaj Road (JM Road)
Pune,Deccan,Fergusson College Road (FC Road)
Pune,Kothrud,Karve Road
Pune,Bavdhan,Paud Road
Pune,Viman Nagar,Nagar Road
Pune,Narhe,Sinhagad Road
Pune,Swargate,Satara Road
Pune,Hadapsar,Pune-Solapur Road
Pune,Baner,Baner Road
Pune,Aundh,Aundh Road
Pune,Magarpatta,Magarpatta Road
Pune,Katraj,Katraj-Dehu Road Bypass
Pune,Ghorpadi,B.T. Kawade Road
Pune,Kondhwa,NIBM Road
Pune,Pashan,Sus Road
Pune,Lohegaon,Airport Road
Pune,Alandi,Alandi Road
Pune,Pimpri-Chinchwad,Pimpri-Chinchwad Spine Road
Pune,Bibwewadi,Bibwewadi Road
Ahmedabad,Sarkhej,SG Highway (Sarkhej-Gandhinagar Highway)
Ahmedabad,Navrangpura,Ashram Road
Ahmedabad,Ellis Bridge,C.G. Road
Ahmedabad,Memnagar,Drive-In Road
Ahmedabad,Satellite,132 Feet Ring Road
Ahmedabad,Iscon,Iscon Road
Ahmedabad,Bopal,Bopal Road
Ahmedabad,Ognaj,S.P. Ring Road
Ahmedabad,Naroda,Naroda Road
Ahmedabad,Maninagar,Maninagar Main Road
Ahmedabad,Kalupur,Relief Road
Ahmedabad,Shahibaug,Shahibaug Road
Ahmedabad,Sabarmati,Sabarmati-Gandhinagar Highway
Ahmedabad,Hansol,Airport Road
Ahmedabad,Kankaria,Kankaria Road
Ahmedabad,Chandkheda,New C.G. Road
Ahmedabad,Paldi,Paldi Road
Ahmedabad,Vasna,Vasna Road
Ahmedabad,Prahlad Nagar,Prahlad Nagar Road
Ahmedabad,Ambawadi,Ambawadi Road
Lucknow,Gomti Nagar,Shaheed Path
Lucknow,Indira Nagar,Faizabad Road
Lucknow,Alambagh,Kanpur Road (NH-27)
Lucknow,Rajajipuram,Hardoi Road
Lucknow,Arjunganj,Sultanpur Road
Lucknow,Mahanagar,Sitapur Road
Lucknow,Gomti Nagar Extension,Amar Shaheed Path
Lucknow,Jankipuram,Ring Road
Lucknow,Hazratganj,Vidhan Sabha Marg
Lucknow,Gomti Nagar,Lohia Path
Lucknow,Hazratganj,Ashok Marg
Lucknow,Charbagh,Charbagh Road
Lucknow,Telibagh,Rae Bareli Road
Lucknow,Jankipuram Extension,Kursi Road
Lucknow,Aliganj,Aliganj Main Road
Lucknow,Amausi,Lucknow-Kanpur Expressway
Lucknow,Chowk,Chowk Road
Lucknow,Aishbagh,Aishbagh Road
Lucknow,Husainabad,Husainabad Road
Lucknow,Vikas Nagar,Vikas Nagar Main Road
Jaipur,Civil Lines,Ajmer Road
Jaipur,Malviya Nagar,Tonk Road
Jaipur,Vishwakarma Industrial Area,Sikar Road
Jaipur,Jawahar Nagar,JLN Marg
Jaipur,Pink City,MI Road
Jaipur,Amer,Amer Road
Jaipur,Gopalpura,Gopalpura Bypass
Jaipur,Mansarovar,B2 Bypass
Jaipur,Vaishali Nagar,Queens Road
Jaipur,Jhotwara,Kalwar Road
Jaipur,Kanakpura,Sirsi Road
Jaipur,Kukas,Delhi Road
Jaipur,Transport Nagar,Agra Road
Jaipur,Rambagh,Bhawani Singh Road
Jaipur,Johari Bazaar,Johari Bazaar Road
Jaipur,Chandpole,Chandpole Bazaar Road
Jaipur,Sindhi Camp,Station Road
Jaipur,Sodala,New Sanganer Road
Jaipur,Lalarpura,Gandhi Path
Jaipur,C-Scheme,Prithviraj Road
Chandigarh,Sector 17,Madhya Marg
Chandigarh,Sector 22,Dakshin Marg
Chandigarh,Sector 1,Uttar Marg
Chandigarh,Sector 16,Jan Marg
Chandigarh,Sector 34,Himalaya Marg
Chandigarh,Industrial Area Phase 1,Purv Marg
Chandigarh,Sector 5,Shanti Path
Chandigarh,Sector 40,Vikas Marg
Chandigarh,Sector 42,Sarovar Path
Chandigarh,Sector 26,Udyog Path
Chandigarh,Sector 47,Himalaya Path
Chandigarh,Near Sukhna Lake,Sukhna Path
Chandigarh,Zirakpur,Airport Road
Chandigarh,IT Park,IT Park Road
Chandigarh,Rock Garden,Circular Road
Chandigarh,PGI Hospital Area,PGI Road
Chandigarh,Kishangarh,Kishangarh Road
Chandigarh,Manimajra,Manimajra Road
Chandigarh,Panchkula,Panchkula Road
Chandigarh,Kaimbwala,Kaimbwala Road
Bhopal,Koh-e-Fiza,VIP Road
Bhopal,Misrod,Hoshangabad Road
Bhopal,Kolar,Kolar Road
Bhopal,TT Nagar,New Market Road
Bhopal,MP Nagar Zone 1,MP Nagar Main Road
Bhopal,Ayodhya Nagar,Ayodhya Bypass Road
Bhopal,Arera Hills,Jail Road
Bhopal,Bairagarh,Indore Road (NH-46)
Bhopal,Karond,Berasiya Road
Bhopal,Anand Nagar,Raisen Road
Bhopal,Lalghati,Lalghati Road
Bhopal,Gandhi Nagar,Airport Road
Bhopal,Shahpura,Shahpura Road
Bhopal,Budhwara,Hamidia Road
Bhopal,Karond,Karond Bypass
Bhopal,Katara Hills,Katara Hills Road
Bhopal,Old Bhopal,Chowk Bazaar Road
Bhopal,Van Vihar,Bhadbhada Road
Bhopal,Arera Colony,Link Road No.1
Bhopal,Habibganj,ISBT Road
Indore,Vijay Nagar,AB Road
Indore,Rajwada,MG Road
Indore,Bengali Square,Ring Road
Indore,Regal Square,RNT Marg
Indore,Bhawar Kuan,Khandwa Road
Indore,Kalani Nagar,Airport Road
Indore,Malwa Mill,Bhawarkuan Road
Indore,Dewas Naka,MR-10 Road
Indore,Infosys Campus,Super Corridor
Indore,Mahalaxmi Nagar,Kanadia Road
Indore,Annapurna Nagar,Annapurna Road
Indore,Sapna Sangeeta,Sapna Sangeeta Road
Indore,Rau,Rau-Pithampur Road
Indore,Khajrana,Khajrana Main Road
Indore,Dewas Bypass,Dewas Naka Road
Indore,Malganj,Jawahar Marg
Indore,Chhavni,Chhavni Main Road
Indore,Sarwate Bus Stand,Malwa Mill Road
Indore,Tilak Nagar,Tilak Nagar Main Road
Indore,Ujjain Naka,Indore-Ujjain Road
Patna,Patna Junction,Bailey Road
Patna,Gandhi Maidan,Ashok Rajpath
Patna,Dak Bungalow,Fraser Road
Patna,Sri Krishna Puri,Boring Road
Patna,Rajendra Nagar,Kankarbagh Main Road
Patna,Income Tax Golambar,Gandhi Maidan Marg
Patna,Mithapur,Station Road
Patna,Patliputra Colony,Patliputra Kurji Road
Patna,Kotwali,Harding Road
Patna,Zero Mile,New Bypass Road (NH-30)
Patna,Digha,Digha Ashiana Road
Patna,Phulwari Sharif,Phulwari Sharif Road
Patna,Danapur,Gola Road
Patna,Jagdeo Path,Raja Bazar Bailey Road Flyover
Patna,Bihta,Danapur Khagaul Road
Patna,Anisabad,Anisabad Golambar Road
Patna,Kadamkuan,Bari Path Road
Patna,Punpun,Patna-Gaya Road (NH-83)
Patna,Jakkanpur,Mithapur Road
Patna,Transport Nagar,Didarganj Bypass Road
Patna,Saguna More,Saguna More Road
Patna,Bikram,Bikram Bypass
Patna,Kurji More,Kurji More Road
Patna,Hanuman Nagar,Hanuman Nagar Road
Patna,Ramkrishna Nagar,Ramkrishna Nagar Road
Patna,Rajapur Pul,Rajapur Pul Road
Patna,NIT More,NIT More Road
Patna,Kidwaipuri,Kidwaipuri Road
Patna,Lohia Path,Lohia Path
Patna,Chiriyatand Bridge,Chiriyatand Bridge Road
Patna,Chandmari,Chandmari Road
Patna,Mithila Colony,Mithila Colony Road
Patna,Rajendra Nagar Bridge,Rajendra Nagar Bridge Road
Patna,Pataliputra Golambar,Pataliputra Golambar Road
Patna,Gardanibagh,Gardanibagh Road
Patna,Chitkohra,Chitkohra Road
Patna,Fatuha,Fatuha Road
Patna,Sampatchak,Sampatchak Road
Patna,Patna Sahib,Patna Sahib Road
Patna,Gai Ghat,Gai Ghat Road
Surat,Majura Gate,Ring Road
Surat,Varachha,Varachha Road
Surat,Udhna,Udhna Magdalla Road
Surat,Athwalines,Ghod Dod Road
Surat,Piplod,Dumas Road
Surat,Vesu,VIP Road
Surat,Pal,Canal Road
Surat,Kapodra,Kapodra Road
Surat,Katargam,Katargam Road
Surat,Adajan,Adajan Road
Surat,Athwalines,Athwalines Road
Surat,Piplod,Piplod Road
Surat,Pal,Pal Road
Surat,Sachin,Sachin Magdalla Road
Surat,Althan,Althan Road
Surat,Rander,Rander Road
Surat,Pandesara,Pandesara Road
Surat,Jahangirpura,Jahangirpura Road
Surat,Amroli,Amroli Road
Surat,Bhatar,Bhatar Road
Surat,City Light,New City Light Road
Surat,Nana Varachha,Nana Varachha Main Road
Surat,Puna Kumbharia,Puna Kumbharia Road
Surat,Yogi Chowk,Yogi Chowk Road
Surat,Sarthana,Sarthana Jakatnaka Road
Surat,Utran,Utran Road
Surat,Mora Bhagal,Mora Bhagal Road
Surat,Mota Varachha,Mota Varachha Road
Surat,Bamroli,Bamroli Road
Surat,Kharwar Nagar,Kharwar Nagar Road
Surat,Godadara,Godadara Road
Surat,Parvat Patiya,Parvat Patiya Road
Surat,Palanpur,Palanpur Road
Surat,Limbayat,Limbayat Road
Surat,Majura Gate,Majura Gate Road
Surat,Umarwada,Umarwada Road
Surat,Anjana Farm,Anjana Farm Road
Surat,Khajod,Khajod Road
Surat,Hazira,Hazira Road
Surat,Ichhapore,Ichhapore GIDC Road
